{"cameraMode":{"drawMode":0,"name":"Shaded","section":"Shading Mode"},"sceneLighting":true,"audioPlay":false,"sceneViewState":{"showFog":true,"showMaterialUpdate":false,"showSkybox":true,"showFlares":true,"showImageEffects":true,"showParticleSystems":true},"in2DMode":false,"pivot":{"x":3.891571044921875,"y":2.3336029052734377,"z":5.45458984375},"rotation":{"x":0.16008976101875306,"y":0.6558307409286499,"z":-0.1451462209224701,"w":0.7233297824859619},"size":614.1325073242188,"orthographic":false}